email,senha
0.2870541221384002@mail.comuser123            
0.8273381388579515@mail.comuser123            
0.46104747236320415@mail.comuser123           
0.03217489156653534@mail.comuser123           
0.05676120815631416@mail.comuser123           
0.9879446071203792@mail.comuser123            
0.8122379145605644@mail.comuser123            
0.3101496285880907@mail.comuser123            
0.18324991487910197@mail.comuser123